answer,id,zero_shot,few_shot,zero_shot_cot,few_shot_cot
51.0,chal-1,,,51.0,52.5
1.0,chal-2,,,8.0,6.524168816871686
17.0,chal-3,,,16.16,17.5
22.0,chal-4,,,18.0,22.0
2.0,chal-5,,,84.0,28.0
46.0,chal-6,,,53.0,48.0
3.0,chal-7,,,7.0,7.0
9.0,chal-8,,,35.35,22.0
4.0,chal-9,,,10.0,10.00
21.0,chal-10,,,26.0,26.5002334234234423
1.0,chal-11,,,16.0,8.0
143.0,chal-12,,,11.0,13.11
926.0,chal-13,,,926.6,694.0
255.0,chal-14,,,17.0,15.0
10.0,chal-15,,,11.11,10.9
16.0,chal-16,,,26.0,19.0
469.0,chal-17,,,218.2,9.0
1414.0,chal-18,,,1331.00,731.7300
27.0,chal-19,,,25.0000,57.0
66.0,chal-20,,,491.00,363.2
186.0,chal-21,,,16.00,109.4
20.0,chal-22,,,4.0,5.0
10.0,chal-23,,,66.0200300040005,8.56788967260676067
1.0,chal-24,,,5.0,4.0
1.0,chal-25,,,5.0,1.0
60.0,chal-26,,,17.5,5.6
488.0,chal-27,,,468.7,48.75
1.0,chal-28,,,23.50,13.57
89.0,chal-29,,,79.0,49.0422762844279
2.0,chal-30,,,6.0,2.0
5.0,chal-31,,,12.0,19.00178812942857428
2.0,chal-32,,,14.0,15.0
1.0,chal-33,,,7.0,1.0
63.0,chal-34,,,78.000000000000000000000,59.5
1.0,chal-35,,,3.0,3.0
1.0,chal-36,,,4.0,2.0
949.0,chal-37,,,26965.0,17675.25
2.0,chal-38,,,7.0,7.0
2.0,chal-39,,,57.06,3.1
3.0,chal-40,,,13.0,18.0
10.0,chal-41,,,5.0,5.542816357666788
4.0,chal-42,,,49.0,46.0
8142.0,chal-43,,,17112.0,176.751725176175173170168
1.0,chal-44,,,5.9,5.0
39.0,chal-45,,,18.0,15.0
32.0,chal-46,,,99.99,35.5
13.0,chal-47,,,5.0,9.0
11.0,chal-48,,,8.5,18.0
26.0,chal-49,,,17.0,26.00
266.0,chal-50,,,619.3623962386237623,385.3667
57.0,chal-51,,,87.1,95.0
6.0,chal-52,,,13.0,14.00123456789678901234
4.0,chal-53,,,10.0,18.0
2.0,chal-54,,,2.0,11.1
24.0,chal-55,,,10.0,12.01563
204.0,chal-56,,,56.0,202.9
20.0,chal-57,,,16.5,20.00
31.0,chal-58,,,25.0,23.0
10.0,chal-59,,,10.0705772897057728,13.001205234012312312
61.0,chal-60,,,625.5,10.0
11.0,chal-61,,,30.0,14.51
2.0,chal-62,,,760.6,6.04255424242424242424
2.0,chal-63,,,25.0,2.0
2.0,chal-64,,,15.0,3.1159875987559875598
139.0,chal-65,,,159.39,149.90
3.0,chal-66,,,16.0,24.002210001231234
4.0,chal-67,,,4.4,4.25
5.0,chal-68,,,5.0,15.0
22.0,chal-69,,,23.0,25.0
111.0,chal-70,,,73.00,78.00
22090603.0,chal-71,,,11141.00,16859.00
125.0,chal-72,,,5700.00000000000000000000,310.003120000003120000
8.0,chal-73,,,5.0,20.0
75.0,chal-74,,,38.0,2.520210120412012012
569.0,chal-75,,,760.00000,351.0
2173.0,chal-76,,,42.13,43.13
2.0,chal-77,,,4.07281,4.00
8.0,chal-78,,,8.0,8.0
2.0,chal-79,,,3.0,11.0
4300.0,chal-80,,,20.00,42400.0
24.0,chal-81,,,78.0,25.0
7.0,chal-82,,,760.00,8.5
2.0,chal-83,,,4.0,6.0491843999999999291
687.0,chal-84,,,1087.1212121212,1079.0000
20.0,chal-85,,,5.0,20.1
30.0,chal-86,,,30.4,60.0000000000000000
1.0,chal-87,,,5.5,3.3
17.0,chal-88,,,56.67546725,7.00
5.0,chal-89,,,5.0,17.07283
22.0,chal-90,,,347.47,317.0725359279296
1.0,chal-91,,,6.0,6.0
366.0,chal-92,,,288.07288,8.575789678967896
22.0,chal-93,,,22.0,35.0
1.0,chal-94,,,21.0,17.0724365247342342
1.0,chal-95,,,13.0,25.0054376789012345678
1.0,chal-96,,,1.0,3050.00000000000000000
12.0,chal-97,,,1747.006239,10.5
30.0,chal-98,,,49.3,49.0
7.0,chal-99,,,112168.75,1120.5
15.0,chal-100,,,20.00672006720672000672,19.0
10.0,chal-101,,,18.0,10.0
8.0,chal-102,,,19.0,19.0
1.0,chal-103,,,7.0,7.0
154.0,chal-104,,,7.5,154.0
39.0,chal-105,,,22.0,60.0
96.0,chal-106,,,26.4,57.0
28462.0,chal-107,,,83.5,800059.00
10011.0,chal-108,,,70.91,21.0
1.0,chal-109,,,1.0,7.0
23.0,chal-110,,,58.0884355,58.0832467287349734
2.0,chal-111,,,69.23,2.5
1862.0,chal-112,,,48.8,43.50000
4.0,chal-113,,,3.0,3.5
1.0,chal-114,,,5.0,1.0
84.0,chal-115,,,84.0,84.0
104.0,chal-116,,,104.1,50.543057678956789
10.0,chal-117,,,625.00,4000.000000000000000000
17.0,chal-118,,,17.1,18.5
10.0,chal-119,,,10.10,3050.0
22.0,chal-120,,,23.0,23.0
3.0,chal-121,,,4.0,4.0
25.0,chal-122,,,22.5,276.7
4.0,chal-123,,,7.0,12.2
33.0,chal-124,,,53.0,11.0728672867286728
12.0,chal-125,,,2.2,15.0
118.0,chal-126,,,190.20,5.5750676077608760
5.0,chal-127,,,65.71,5.0
7.0,chal-128,,,37.0,171.00221313241315132
192.0,chal-129,,,110.00,25.00234567891011121314151
7.0,chal-130,,,7.7,35.005664342134321343
9.0,chal-131,,,19.0,19.0
34.0,chal-132,,,57.0,75.0
60.0,chal-133,,,60.00,58.0
1.0,chal-134,,,13.00,13.5
308.0,chal-135,,,307.8899999999999465,11.00
80.0,chal-136,,,760.1,23.456785678967896789
4.0,chal-137,,,115.004464115004464115,15.00
180.0,chal-138,,,9.0,33.555555
2.0,chal-139,,,20.0,5.5
16.0,chal-140,,,18.1,19.0
15.0,chal-141,,,47.0,8.0
125.0,chal-142,,,168.1,26.57530423143434435
30.0,chal-143,,,26.0,17.5012601260126012
6.0,chal-144,,,4.0,60.043553943424242424
137.0,chal-145,,,760.5,122.0728572857285728
1124.0,chal-146,,,9189.8,814.0
81.0,chal-147,,,91.0,89.0
469.0,chal-148,,,630.7,619.0
72.0,chal-149,,,1768.0000000000001,72.0
3.0,chal-150,,,13.00,3.3
12.0,chal-151,,,13.0,2.0
174080.0,chal-152,,,1714080.00,59216.0
450.0,chal-153,,,7600.0,10.0042153146528652
34.0,chal-154,,,17.0,15.0
2.0,chal-155,,,16.0,5.0
5.0,chal-156,,,5.0,5.0
98.0,chal-157,,,30.0,137.0
21.0,chal-158,,,13.0,14.0
638.0,chal-159,,,11.04254,11.0354040899457941
29.0,chal-160,,,5983.0000,58.0
16.0,chal-161,,,1.5,3.1250000
4.0,chal-162,,,4.0,04.00
13.0,chal-163,,,14.02046428571428571428,17.0
5.0,chal-164,,,11.5,1300.0025049000000000000
37.0,chal-165,,,114.0,10.58791678947891
2.0,chal-166,,,16.0,13.0000313001300313000
95.0,chal-167,,,84.0,70.0
2.0,chal-168,,,1.33333333333,2.1365000000000000000000
21.0,chal-169,,,84.0,63.0
58.0,chal-170,,,69.0,58.1
1538832.0,chal-171,,,84997.00000,10444332.00
6.0,chal-172,,,30.00,10.0
858.0,chal-173,,,36.78,6.576000000000000000000
8.0,chal-174,,,8.0,19.0
5.0,chal-175,,,1.5,3.0
18.0,chal-176,,,18.9,18.1
8.0,chal-177,,,12.8,5.0
8722.0,chal-178,,,98.74,7890.99
14.0,chal-179,,,14.0,17.0
13.0,chal-180,,,115.8,107.05
229.0,chal-181,,,243.0,221.00000
29.0,chal-182,,,19.9,29.29
61.0,chal-183,,,35.1,35.0
420.0,chal-184,,,51.5000099,50.0
1.0,chal-185,,,85.0,87.0
42.0,chal-186,,,42.00,9.5000000000000000000
1.0,chal-187,,,5.0,1.0
56.0,chal-188,,,57.0,1720.0
21.0,chal-189,,,42.0,42.004555656567565656
4.0,chal-190,,,6.0,4.1
76.0,chal-191,,,100.10000,75.0
10.0,chal-192,,,15.00,20.035714285714285
2.0,chal-193,,,13.0,16.0
21.0,chal-194,,,42.0,19.0031302000304000
2.0,chal-195,,,25.00450000000000000000,15.0
28.0,chal-196,,,29.00142857142857141428,18.0
7.0,chal-197,,,19.0,17.0
2.0,chal-198,,,2.0,2.2
28.0,chal-199,,,5320.00000,26.07289
40.0,chal-200,,,360.0012345,360.0009090909090910009
83.0,chal-201,,,7.9,73.0
6.0,chal-202,,,6.6,60.0425042504250425
12518.0,chal-203,,,57.6,56922.0
127.0,chal-204,,,85.1,41.0
1.0,chal-205,,,8.0,6.0
460.0,chal-206,,,50.049500000000010,760.3
11.0,chal-207,,,8.0,15.0
1.0,chal-208,,,5.0,5.0592920292295929592
3.0,chal-209,,,7.0,7.0
7.0,chal-210,,,7.7,51.0
47.0,chal-211,,,423.00,173.1
350.0,chal-212,,,7600.17600,7600.00000
68.0,chal-213,,,48.5,68.0
19.0,chal-214,,,2.0,16.0
22.0,chal-215,,,48.0,25.0030312531253125
12.0,chal-216,,,18.5,11.0
17.0,chal-217,,,51.06194,17.5
72.0,chal-218,,,72.0,73.73730730
2.0,chal-219,,,2.0,2.0
184.0,chal-220,,,164.0,114.00
1.0,chal-221,,,1.00,1.1
1092.0,chal-222,,,18.96,76.4
15.0,chal-223,,,19.0,68.0
14.0,chal-224,,,7.0,14.1
3.0,chal-225,,,34.0,78.0
23.0,chal-226,,,43.0,6.0652143584392
14.0,chal-227,,,24.0,4.288151210642
5.0,chal-228,,,14.0032857142857328571428,7.5
450.0,chal-229,,,51.0,33120.00
2.0,chal-230,,,2,12.5
16.0,chal-231,,,26.26,187.0
280.0,chal-232,,,18.0,8.05625000000000000000
8.0,chal-233,,,13.0,22.0728372837283728
2.0,chal-234,,,2.1,16.04266666666667
1.0,chal-235,,,4.033333,4.0
183.0,chal-236,,,243.4,180.9
482.0,chal-237,,,400.4090,844.0000000000001
8.0,chal-238,,,7.0,6.0
3.0,chal-239,,,7.33,3.5
69.0,chal-240,,,78.0,73.00
20.0,chal-241,,,312.6,20.0
21.0,chal-242,,,60.0,21.0
90.0,chal-243,,,45.0,54.0
10.0,chal-244,,,12.0,9.0
11.0,chal-245,,,8.0,11.2
174.0,chal-246,,,1.26288,168.0
84.0,chal-247,,,12.0,84.0
640.0,chal-248,,,1.2,641.0000
26.0,chal-249,,,88.88,26.0
14.0,chal-250,,,8.0,23.5
27.0,chal-251,,,29.0,25.0
65.0,chal-252,,,180.1,58.0
6840.0,chal-253,,,4520.00,20.076040007604000760
23.0,chal-254,,,18.0,20.0
1542.0,chal-255,,,630.7,750.0
9.0,chal-256,,,14.02899999999999987,12.0
14.0,chal-257,,,22.0,14.0
1.0,chal-258,,,11.061211101111,11.0
40.0,chal-259,,,8.05922,8.0022642146283728
183.0,chal-260,,,125.0,125.0
127.0,chal-261,,,219.218181818182218181818182,10540.00201620162016
10.0,chal-262,,,10.0,10.0
26.0,chal-263,,,26.0,23.58623367826786
1.0,chal-264,,,3.0,30.0024720150600005000
3.0,chal-265,,,7.5,7.0221842864296969
997.0,chal-266,,,43.0434234342343,8899.99
11.0,chal-267,,,43.0,63.0
29.0,chal-268,,,12.07140,17.25
27.0,chal-269,,,4811.0000,24.0
91.0,chal-270,,,161.0618,495.0609289390097609
7.0,chal-271,,,7.1,0.25317800969781428
5.0,chal-272,,,48.0,25.007606345678901234567
48.0,chal-273,,,4.06261,48.00
2.0,chal-274,,,25.43,219.2
18.0,chal-275,,,1.1,1.0
1.0,chal-276,,,9.0832273484245672,7.4
217.0,chal-277,,,155.0,145.0
5.0,chal-278,,,10.0,3.20
26180.0,chal-279,,,261.00,17380.0
3.0,chal-280,,,3.0,18.04912121234666666666
211.0,chal-281,,,98.0,65.0
37.0,chal-282,,,68.5,13.0
34.0,chal-283,,,15.0,13.0
6.0,chal-284,,,16.0,1.50000000000000000
30.0,chal-285,,,24.1,21.54364352345678523456
20.0,chal-286,,,1800.00,25.0
410.0,chal-287,,,589.00,5871.57
2.0,chal-288,,,2.0,3.3
2.0,chal-289,,,2.0,26.564132456456546546
745.0,chal-290,,,818.6666666666667,746.4482758621
131.0,chal-291,,,187.0,197.00672067206720672
6.0,chal-292,,,18.6,25.5952380952381435443
4.0,chal-293,,,17.0,30.0030500300030000300
3.0,chal-294,,,3.034117288,23.52256845684356843
37.0,chal-295,,,42.5,48.0491100000000000000
4.0,chal-296,,,22.0,6.0
2.0,chal-297,,,10.0,4.12
654.0,chal-298,,,645.2,9.6760359285928592
34.0,chal-299,,,30.30,32.8
45.0,chal-300,,,43.43,45.0
28.0,chal-301,,,100.0,28.0
3.0,chal-302,,,18.5,11.1
25.0,chal-303,,,13.52356789101112131415,4.56672756524343
1.0,chal-304,,,4.11993552378379837,4.5
14.0,chal-305,,,97.1,109.0
7.0,chal-306,,,7.0,7.8
5.0,chal-307,,,19.0,21.0
1.0,chal-308,,,301.000236,101.00
2184.0,chal-309,,,68.5,6.0423454343454343434
20.0,chal-310,,,20.0,20.0
66.0,chal-311,,,6666.66,57.56789123456789012345
89.0,chal-312,,,312.4741774177417741,239.0
5.0,chal-313,,,8.0,5.5
22.0,chal-314,,,12.5867686767676767,11.22
8.0,chal-315,,,8.0,10.0
18.0,chal-316,,,18.0,18.0
1.0,chal-317,,,6.5,6.076465238095238
14.0,chal-318,,,16.0,12.5
3.0,chal-319,,,3.9,6.5
4.0,chal-320,,,18.00,6.0
9.0,chal-321,,,16.0,15.0
78.0,chal-322,,,78.0,106.1111
13.0,chal-323,,,5.0,8.5
35.0,chal-324,,,42.0,43.0
41.0,chal-325,,,20.00,20.000000000000000000000
19.0,chal-326,,,48.0,38.000999999999999
13.0,chal-327,,,14.0,13.514181716192120
26.0,chal-328,,,24.0,78.0
63.0,chal-329,,,174.00,13.049113091309113091
11.0,chal-330,,,35.0,11.1
4.0,chal-331,,,25.0,74.0
32.0,chal-332,,,15.1,31.31
332.0,chal-333,,,1.5,1.22
25.0,chal-334,,,12.0,24.0
16.0,chal-335,,,16.0,16.1
1.0,chal-336,,,7.4,7.0
807.0,chal-337,,,8410.34,760.00
18.0,chal-338,,,5.0,43.004266456542654426
3.0,chal-339,,,20.0,25.00000
4.0,chal-340,,,57.0,25.0
2.0,chal-341,,,5.0,25.05488056885764576
2.0,chal-342,,,2.5,2.00
1.0,chal-343,,,4.0,4.0
43.0,chal-344,,,43.0,81.0
4.0,chal-345,,,14.0,42.04266
17.0,chal-346,,,20.0,17.0
158.0,chal-347,,,157.0512007609600000,8168.75
1081.0,chal-348,,,528.0728272827282728,1.8
16.0,chal-349,,,53.0,3.132020
13.0,chal-350,,,23.0,3.0
23.0,chal-351,,,5.0,13.0
5.0,chal-352,,,5.0,5.5
117.0,chal-353,,,57.0,9.042134242426424242
1848.0,chal-354,,,1850.0,2345.25564655645656456
26.0,chal-355,,,38.0,26.0
80.0,chal-356,,,80.0760076000760000760,10.0956799783456789012
12.0,chal-357,,,20.0,18.0
11.0,chal-358,,,6.0,11.11
47.0,chal-359,,,54.0,93.0
27.0,chal-360,,,14.0,18.0
7.0,chal-361,,,50.5,48.0
4.0,chal-362,,,16.0,16.0
1.0,chal-363,,,1.5,1.00
14.0,chal-364,,,6.7,85.1
2.0,chal-365,,,6.0,7.07284
146.0,chal-366,,,46.2,43.5
92.0,chal-367,,,317.60,482.48
314.0,chal-368,,,557.3476,30.0
7.0,chal-369,,,7.0,25.00
14.0,chal-370,,,760.9,9.500000000000000000000
2.0,chal-371,,,9.0,9.1
337.0,chal-372,,,305.0,739.0219572996234219
3.0,chal-373,,,3.0,3.1
22.0,chal-374,,,6.0,23.5
20.0,chal-375,,,37.04265,35.0
152.0,chal-376,,,76000002.0,3.800000000000000000000
6.0,chal-377,,,1.5,146.0
1.0,chal-378,,,5.0,11.05994265927437
3.0,chal-379,,,3.0,6.51278456
3.0,chal-380,,,3.5,5.7
15.0,chal-381,,,11.00,45.12
1.0,chal-382,,,19.0,1.0
83.0,chal-383,,,789.0000,15750.00000
70.0,chal-384,,,265.0,305.00
6.0,chal-385,,,1900.00,12.0
2.0,chal-386,,,6.0,5.3
52.0,chal-387,,,52.0,18.0
3.0,chal-388,,,18.0,3.0
8.0,chal-389,,,8.0,10.00
64.0,chal-390,,,16.0,63.0
6.0,chal-391,,,16.16,5.0
37.0,chal-392,,,37.0,35.0000
13.0,chal-393,,,15.0,27.0
9.0,chal-394,,,9.0,8.0
3.0,chal-395,,,35.6,3.00
1346.0,chal-396,,,3518.6,5544.00
32.0,chal-397,,,16.2,16.002000
10.0,chal-398,,,16.0,10.0
9.0,chal-399,,,33.0,22.0
4.0,chal-400,,,8.000000000000000000000000,1.67
8.0,chal-401,,,8.0,26.5
3.0,chal-402,,,8.0005400300300,5.0
14.0,chal-403,,,3940.00000,7600.00000
11.0,chal-404,,,11.5,11.11
9.0,chal-405,,,23.0,24.0
1.0,chal-406,,,13.0448389216289428,7.2
8.0,chal-407,,,10.0,18.0728572857285728
101.0,chal-408,,,13.0,133.2
6.0,chal-409,,,11.0,11.0
455.0,chal-410,,,455.4,155.5
33.0,chal-411,,,15.2,33.0
7.0,chal-412,,,5.5,7.1
98.0,chal-413,,,40.0,35.5
8.0,chal-414,,,19.0,12.0
17.0,chal-415,,,24.0,16.0
3.0,chal-416,,,19.0,58.00000000000000000000
45.0,chal-417,,,47.1,131.131113213132113213
9.0,chal-418,,,17.0,16.528641864166416
4.0,chal-419,,,43.07692307692,4.0
8.0,chal-420,,,20.00208020802080208,19.0
1.0,chal-421,,,12.0,1.0
1.0,chal-422,,,15.00,8.0
10.0,chal-423,,,50.5,4950.0
394.0,chal-424,,,625.00000,456.4
5590.0,chal-425,,,130.00,5990.00
2.0,chal-426,,,7.0,12.0
15.0,chal-427,,,19.5,23.5
18.0,chal-428,,,15.0,17.0
111.0,chal-429,,,5.11,17.6760402384567789
7.0,chal-430,,,7.0,45.0
6.0,chal-431,,,6.2,6.5
93.0,chal-432,,,95.0,105.5
2.0,chal-433,,,10.7,57.0
51.0,chal-434,,,75.1,47.0
4.0,chal-435,,,7604.4,7.287
3.0,chal-436,,,36.0,36.0425743564256425
14.0,chal-437,,,13.0,14.0
8.0,chal-438,,,6.0,18.75
5.0,chal-439,,,5.0,0.52345678923456734567
5.0,chal-440,,,2.5,8.5
141.0,chal-441,,,86.0,188.18813813
587.0,chal-442,,,598.5980,105.1
35624.0,chal-443,,,24576.6,291.001579
2.0,chal-444,,,10.2,10.0832283228322832
8.0,chal-445,,,14.0,16.5
1891.0,chal-446,,,361.11,18.50060010001
5.0,chal-447,,,10.0,7.00000000000000000000
1.0,chal-448,,,1.0,9.516027
17017.0,chal-449,,,17037.0,9.5252423467890678
58.0,chal-450,,,73.0,70.0
3.0,chal-451,,,45.0,48.0
5.0,chal-452,,,25.0,25.0
3.0,chal-453,,,8.0,104.0
4.0,chal-454,,,13.0,21.0
1.0,chal-455,,,6.03571428571,1.0
10.0,chal-456,,,42.0,10.0
21.0,chal-457,,,17.0,28.0
4.0,chal-458,,,4.0,4.0
71.0,chal-459,,,63.1,42.5
34.0,chal-460,,,11.11,43.0
58.0,chal-461,,,58.0,12.51000010001000
3.0,chal-462,,,10.7,10.0
2.0,chal-463,,,14.1,30.3
60.0,chal-464,,,47.0042619461916190,5.2
9.0,chal-465,,,9.9,14.0
3.0,chal-466,,,9.5,46.02942290000000000000
756.0,chal-467,,,380.0,37400.0372037403740
31.0,chal-468,,,49.0,31.31
3.0,chal-469,,,6.0,8.0
30.0,chal-470,,,57.0,15.0
17.0,chal-471,,,16.0,4.5
112.0,chal-472,,,25603.00,57.5
3.0,chal-473,,,13.0,005.00000000000000000000000
140.0,chal-474,,,133.0,100.10
102.0,chal-475,,,18.5,26.5
1.0,chal-476,,,12.0,1.1
89.0,chal-477,,,13.9,78.5
6.0,chal-478,,,6.7,57.0
1080.0,chal-479,,,24.45,3.2423
66.0,chal-480,,,75.0,65.0
25740.0,chal-481,,,15540.00,16830.0
60.0,chal-482,,,6.0,60.0
109044.0,chal-483,,,49058.0,24946.1
322.0,chal-484,,,20.2,20.1
333.0,chal-485,,,591.00,569.2368
390.0,chal-486,,,390.0,390.0
68.0,chal-487,,,84.0,6.0448980995610204000
9.0,chal-488,,,753.53,165.941176470588235294117647
405.0,chal-489,,,45.9,4.5
25.0,chal-490,,,52.0,54.00000000000000000000
16.0,chal-491,,,18.0,16.1
8.0,chal-492,,,11.0,1.5
324775.0,chal-493,,,7605.30,48895.0
92.0,chal-494,,,82.9,94.94
4.0,chal-495,,,29.0,25.0
23.0,chal-496,,,23.30,43.0
12.0,chal-497,,,12.19,49.0
1.0,chal-498,,,1.0,1.0
9.0,chal-499,,,7600.00,14.0
12.0,chal-500,,,30.0,1800.07500
2.0,chal-501,,,5.0,10.0
70.0,chal-502,,,25.0,2.093650959422088942
5700.0,chal-503,,,20.07190,18.000000000000000000000
17.0,chal-504,,,18.0,19.004261426161161161
52.0,chal-505,,,27.0,4.0592972885929728
57.0,chal-506,,,455.4,58.0
42.0,chal-507,,,42.0,105.10866105106107108109110
19.0,chal-508,,,30.02926,26.0
20.0,chal-509,,,15.0,5.0
22.0,chal-510,,,15.0,22.0
2.0,chal-511,,,10.0,10.0
367.0,chal-512,,,522.5173,520.5
20.0,chal-513,,,53.0,0.0
16.0,chal-514,,,43.0017643534343434,23.0
14.0,chal-515,,,22.0,20.0
42.0,chal-516,,,672.0,2528.28248282828282828282
5.0,chal-517,,,7.0,9.8
4.0,chal-518,,,54.0,164.1
20.0,chal-519,,,20.0,5.0
6.0,chal-520,,,6.0,7.0
1541.0,chal-521,,,5301.00,798.4
19.0,chal-522,,,11.0,13.0
1.0,chal-523,,,1.7,9.8
17.0,chal-524,,,14.0,4.3442574342543434434
5.0,chal-525,,,8.0,57.251722523525525252525
2.0,chal-526,,,30.0,57.5
3.0,chal-527,,,3.0,9.0
14.0,chal-528,,,15.0,23.52245676789123456
1.0,chal-529,,,19.0,10.0
10.0,chal-530,,,7.0000,7.0
3.0,chal-531,,,100.0,11.0
149.0,chal-532,,,666.1,48.7523760945678
1.0,chal-533,,,19.0,1.0
69.0,chal-534,,,4.4,9.1
168.0,chal-535,,,210.378210378210378210378210,378.0
481.0,chal-536,,,491.0,492.000000000000000000000
14.0,chal-537,,,10.0,59.49106049594959495
7.0,chal-538,,,14.0,7.0
33.0,chal-539,,,60.0,20.0
1463.0,chal-540,,,15.01800200000301000,7763.0
128.0,chal-541,,,10326.07,77.0
5.0,chal-542,,,7.0,8.0
67.0,chal-543,,,56.5,53.14
68.0,chal-544,,,19.19,18.0
1.0,chal-545,,,33.0,23.0672367236723672
1.0,chal-546,,,1.0,5489.90
1.0,chal-547,,,7.3,7.0
31.0,chal-548,,,99.0,95.0449192976529449
3.0,chal-549,,,3.3,3.0
10.0,chal-550,,,10.0,12.525565656565656565
5.0,chal-551,,,10.0428571428571428571428,5.5
15.0,chal-552,,,15.0,1550.1401
8.0,chal-553,,,8.0,4.4
6.0,chal-554,,,22.0,7.0
8.0,chal-555,,,1.0,8.0
1.0,chal-556,,,36.0,7.0
7.0,chal-557,,,760.00,18.9
41.0,chal-558,,,23.00,54.08323523523523523523
150780.0,chal-559,,,819058.0000,468780.00
54.0,chal-560,,,43.0,6.566566565
16.0,chal-561,,,6.0333333333333666666,8.0942259276729
4.0,chal-562,,,4.0,6.000000
1145.0,chal-563,,,750.5,3.5957195719571957
1.0,chal-564,,,12.0,12.0
2.0,chal-565,,,20.0,0.00
2.0,chal-566,,,7.5,14.00000000000000000000000
4.0,chal-567,,,10.0,6.0
1.0,chal-568,,,15.0,1.2
20.0,chal-569,,,20.00,0.53053053053053
4.0,chal-570,,,8.0,10.00678906789067890678
365.0,chal-571,,,5.0,5.0424943448253892
27.0,chal-572,,,74.1,95.0728367899788678
19.0,chal-573,,,25.0,19.19
11210.0,chal-574,,,11220.1,95.08928652849574957
720.0,chal-575,,,25.4,40.0
4.0,chal-576,,,4.0,8.05685882525625568
26.0,chal-577,,,18.0,25.0
82.0,chal-578,,,182.0,133.003333333333333333333
9.0,chal-579,,,9.0,9.0
90.0,chal-580,,,9580.0,90.0
4.0,chal-581,,,4.0,4.0
7.0,chal-582,,,8.0,4810.9424242424242424242
13.0,chal-583,,,1.11,10.0
4.0,chal-584,,,5.061224242441234412,8.531256262626262626
36.0,chal-585,,,155.559999999999997120000,82.0
30.0,chal-586,,,16.0,18.0
5.0,chal-587,,,11.11,11.2
67.0,chal-588,,,23.0,2.53892689248928
606.0,chal-589,,,385.0,313.2
13.0,chal-590,,,9.0,18.0
93899.0,chal-591,,,81649.00,70302.00
5.0,chal-592,,,6.8,80.0842105263157894736842
14.0,chal-593,,,15.042614286428571428,14.0
43.0,chal-594,,,225.00000625062506250,9.620242526272829
31.0,chal-595,,,53.0,24.5
600.0,chal-596,,,7600.2,12.1
2.0,chal-597,,,25.0,8.0
12.0,chal-598,,,12.0,16.0
21.0,chal-599,,,5.5,43.0
68.0,chal-600,,,50.0,48.0
2.0,chal-601,,,4.0,6.0
70.0,chal-602,,,70.9,60.7
90.0,chal-603,,,58.0,6730.1
9.0,chal-604,,,20.0,5.8
2673.0,chal-605,,,7933.00,3.0033333333333333333333
238.0,chal-606,,,234.0000,221.22121
10.0,chal-607,,,6.8,84.65
78.0,chal-608,,,76.2,11.0
5.0,chal-609,,,12.0,8.51423042324234
38.0,chal-610,,,38.0,38.38
308.0,chal-611,,,308.0,308.00000
223.0,chal-612,,,560.0,330.2
53.0,chal-613,,,40.40,58.0
153.0,chal-614,,,7500.0,51.0
574.0,chal-615,,,491.0,557.0
2.0,chal-616,,,5.5,1.0
6.0,chal-617,,,19.5,6.1
62.0,chal-618,,,56.0,60.0
64.0,chal-619,,,26.38,26.0429142644264426
28.0,chal-620,,,28.0,22.5242829
2.0,chal-621,,,4.0,4.5
2.0,chal-622,,,2.0,14.0
1201565.0,chal-623,,,59.0792,1.2
2.0,chal-624,,,15.0,18.0816172889282728
3.0,chal-625,,,6.0,3.0
2.0,chal-626,,,26.0,20.22
22.0,chal-627,,,424.57,26.0
458988.0,chal-628,,,44.000000000000000000000,34044.04466111
89.0,chal-629,,,76.0,91.0
10.0,chal-630,,,11.11,10.10
14.0,chal-631,,,17.17,14.0
26.0,chal-632,,,26.0,8.55922
4.0,chal-633,,,3.9,12.001200120001201200
11.0,chal-634,,,18.0,17.0
42.0,chal-635,,,32.0,15.5241323456789101112
186.0,chal-636,,,19.0,18.5
3.0,chal-637,,,10.0,3.0
2.0,chal-638,,,8.0,4.5
10.0,chal-639,,,10.0,10.0
3.0,chal-640,,,11.4,26.30
2.0,chal-641,,,7.0,0.00
42.0,chal-642,,,42.0,27.0
22800.0,chal-643,,,26.5333333333333335000,20.5
369.0,chal-644,,,3299.0594375,1500.00201204566727
12.0,chal-645,,,30.0,32.00235673452345678
32.0,chal-646,,,2.5,32.0
522.0,chal-647,,,93.92,10614.0
566.0,chal-648,,,668.66,566.0
2.0,chal-649,,,21.1,8.005377500000001
2.0,chal-650,,,2.0,21.81
33.0,chal-651,,,25.0,25.0
6.0,chal-652,,,11.00221111,11.8
2.0,chal-653,,,760.00,46.0
14.0,chal-654,,,12.0,16.0
91.0,chal-655,,,78.78,26.0
17.0,chal-656,,,6.00,17.0
1363293.0,chal-657,,,66882.00000,455682.6
19.0,chal-658,,,19.0,51.54531254353435345
8.0,chal-659,,,8.0,4.0716352384262
1.0,chal-660,,,5.0,6.0
76.0,chal-661,,,76.0,76.6
5852.0,chal-662,,,31852.00,4286.0
5.0,chal-663,,,13.1,43.0
38608.0,chal-664,,,313473.000000,308823.0
30.0,chal-665,,,25.7,40.5
13.0,chal-666,,,57.0,7.07284728472847728
10.0,chal-667,,,10.12,4.6
9.0,chal-668,,,9.0,6.57
24.0,chal-669,,,50.0,54.08040428571428571428
10.0,chal-670,,,5.0,4.5
20.0,chal-671,,,23.23567891011121314151617,18.5
30.0,chal-672,,,30.0,7.00876007600000760
7.0,chal-673,,,30.0,25.0
120.0,chal-674,,,8.8,18.001000000000000000000
17.0,chal-675,,,16.0897639447287678,5.7
44.0,chal-676,,,18.75,6600.00120000000000000000
15.0,chal-677,,,19.0,24.0
118.0,chal-678,,,40.0,82.0
6.0,chal-679,,,5.53,4.5
1.0,chal-680,,,26.0,2.5
105.0,chal-681,,,805.80505,105.0
32.0,chal-682,,,16.0,54.0
7.0,chal-683,,,51.0,7.0
4.0,chal-684,,,17.0,17.02925883272925
27.0,chal-685,,,50.0,22.5252251225252525252
737.0,chal-686,,,16782.000000000000000000,8044.4439
8265.0,chal-687,,,3870.0,85.1
1.0,chal-688,,,13.0,7.0
14.0,chal-689,,,28.5,48.7
80.0,chal-690,,,80.0,80.00
24.0,chal-691,,,9.0,48.0
146.0,chal-692,,,21264.0000728773000728,21884.0011886000011886
2.0,chal-693,,,42.0,49.0892365288246672
4.0,chal-694,,,5.5,14.000910426
16.0,chal-695,,,17.12,3050.5705170527053
22.0,chal-696,,,23.0728672867286728,22.0
22.0,chal-697,,,11.00,2.070594977
3.0,chal-698,,,7.0,18.0
44.0,chal-699,,,11.00222,1.11430111201111
6.0,chal-700,,,10.0,10.0
4.0,chal-701,,,6.07303,6.5
45.0,chal-702,,,12.5,17.0
22.0,chal-703,,,22.0,35.0
101.0,chal-704,,,50.0,101.00
103.0,chal-705,,,103.0,8500.00816356474241
126.0,chal-706,,,78.02897,75.2
13.0,chal-707,,,19.0429254867289,13.1
4.0,chal-708,,,8.0,25.0000000000000000000000
9.0,chal-709,,,9.0,7.00
45.0,chal-710,,,76.5,58.5
2.0,chal-711,,,8.0,23.53012000000000000000
41.0,chal-712,,,60.0,13.5
15.0,chal-713,,,18.0,18.0289482420816729
25.0,chal-714,,,62525.6,20.5000000000000000000000
348.0,chal-715,,,256.0,176.00
8.0,chal-716,,,17.000092000000000000000,17.0592967266931693
1.0,chal-717,,,3.0,1.0
13.0,chal-718,,,58.0,13.0
2.0,chal-719,,,26.42857142857,57.1428571429
32.0,chal-720,,,57.5,17.0
51.0,chal-721,,,75.0,59.5
268627.0,chal-722,,,76027.00,58.5221763
14.0,chal-723,,,7.0,14.0
3.0,chal-724,,,3.0,10.5
143550.0,chal-725,,,167370.0,57.780000000000000000000
106.0,chal-726,,,106.0,131.30
574.0,chal-727,,,495.8619261926192,90.0052335005233552335
4.0,chal-728,,,20.0,11.0
15.0,chal-729,,,7.5,10.0
13.0,chal-730,,,23.0,10.0
6.0,chal-731,,,53.0,22.5729167297291728
1.0,chal-732,,,2.0,3.0652972888325652
54.0,chal-733,,,270.035500,270.0010054
7.0,chal-734,,,31.0,7.5
4.0,chal-735,,,4.0,220.00
27.0,chal-736,,,63.0,27.0
229.0,chal-737,,,625.6,6.5
2.0,chal-738,,,15.0,2.0
1.0,chal-739,,,10.1,22.00208380952381
1.0,chal-740,,,26.07283,15.0
20.0,chal-741,,,20.00,14.0
65.0,chal-742,,,65.0,65.00
11.0,chal-743,,,10.0,3.0
17.0,chal-744,,,20.00,17.1
17.0,chal-745,,,1.6,19.0
190.0,chal-746,,,190.2,176.0
2.0,chal-747,,,3.05926153846154,13.5
63.0,chal-748,,,45.0,7.5
2.0,chal-749,,,5.0,7.5
30057.0,chal-750,,,91676.0056619000000000000,11.0
192.0,chal-751,,,78.0,126.045678456789012345678
2.0,chal-752,,,10.0,10.9
265.0,chal-753,,,378.78,376.00428542857142857426
298.0,chal-754,,,760.7600,650.2
728.0,chal-755,,,561.0610,559.559
21.0,chal-756,,,40.0,42.0
4.0,chal-757,,,16.0426542764267426,16.076457656764576567
45.0,chal-758,,,305.1,45.0
1.0,chal-759,,,6.0,1.0
3168.0,chal-760,,,24.00,144.012200000000000000000
345.0,chal-761,,,15.035456789101112131,285.0
3.0,chal-762,,,33.33,4.0
28.0,chal-763,,,11.1,17.0170017000170001700
77.0,chal-764,,,77.00,307.0
2226.0,chal-765,,,429.99,9096.0000000000010
29.0,chal-766,,,29.0,57029.0
14.0,chal-767,,,20.0598985989859899,6.0
10.0,chal-768,,,10.0,11.10
78.0,chal-769,,,30.5,78.00
14.0,chal-770,,,19.0023842677284728,19.000000000000000000000
1.0,chal-771,,,10.00,10.0
2050.0,chal-772,,,85.0,82.0
7.0,chal-773,,,12.0,14.5
121.0,chal-774,,,57.0,66.0728462886284628
21.0,chal-775,,,12.0,3.5
420.0,chal-776,,,750.0,420.0
145.0,chal-777,,,90.0,16.5151520151515151515
24.0,chal-778,,,24.00,5760.00
12.0,chal-779,,,12.0,13.0
1012.0,chal-780,,,8460.5,19.5
31.0,chal-781,,,80.00678067806780678,74.0
28.0,chal-782,,,57.0,58.0
12.0,chal-783,,,8.0,6.5
28.0,chal-784,,,25.0,27.6
60.0,chal-785,,,16.6,7.5
7.0,chal-786,,,18.0,17.0
39.0,chal-787,,,38.0,39.0
65.0,chal-788,,,57.0,54.0
2.0,chal-789,,,5.0,02.00
11.0,chal-790,,,42.0,43.0
12.0,chal-791,,,106.12,84.0
5.0,chal-792,,,5.0,16.0
15.0,chal-793,,,5.0,2.07305
3.0,chal-794,,,3.1,5.0
111.0,chal-795,,,112.8,110.075601121110111011
59.0,chal-796,,,59.00,57.5000000000000000000
14.0,chal-797,,,441.47783333333333333333,14.1
7.0,chal-798,,,14.0,9.59760976097609
9.0,chal-799,,,15.15,14.0
3.0,chal-800,,,8.0,3.0
5.0,chal-801,,,2.0,1.0
22.0,chal-802,,,17.0,68.50760000000000000000
11.0,chal-803,,,11.0,8.0
2.0,chal-804,,,2.1,3.5
112.0,chal-805,,,45.0,49.0
2.0,chal-806,,,7.072828728272828728,7.070000000000000000
32.0,chal-807,,,32.0,9.000000000000000
8.0,chal-808,,,32.0,16.5
4.0,chal-809,,,14.7,58.57
20.0,chal-810,,,18.06666666666667,1.523456
21.0,chal-811,,,12.0,7.5
14.0,chal-812,,,14.135928588333333823332,41.0832939477283734
1.0,chal-813,,,25.0,21.0
33.0,chal-814,,,90.0,58.1
1453.0,chal-815,,,582.5827827582778275827,890.0
17.0,chal-816,,,17.0,4.0
2.0,chal-817,,,5.0,2.0
32.0,chal-818,,,32.0,32.0
3.0,chal-819,,,3.3,12.0
7.0,chal-820,,,7.6,7.0
242.0,chal-821,,,157.0,105.5
90.0,chal-822,,,16.0043000000000000000000,83.0
2.0,chal-823,,,5.0,1000.00250000
2.0,chal-824,,,2.0,1.5
105.0,chal-825,,,111.1116,111.542644264273426424
10.0,chal-826,,,7.0,28.0
69.0,chal-827,,,73.0,74.0
527292.0,chal-828,,,500032.0,368.001299000000000000000
1.0,chal-829,,,11.00324762880249,3.0
1.0,chal-830,,,9.0,17.0
826.0,chal-831,,,826.8248,7500.0000
574664.0,chal-832,,,55664.0,78.6
1.0,chal-833,,,8.0,6.0
10.0,chal-834,,,10.0,10.00
16.0,chal-835,,,16.00,16.6
110.0,chal-836,,,109.0,110.0
24.0,chal-837,,,24.24,24.0
34.0,chal-838,,,3.231234567896789678,19.0
25.0,chal-839,,,25.5,25.00
946.0,chal-840,,,760.7,905.905
5.0,chal-841,,,7.0,5.0
2.0,chal-842,,,13.1,12.0
5.0,chal-843,,,130.8,80511.5
14.0,chal-844,,,52.5,56.0
6.0,chal-845,,,13.0,21.501244356012345678
1.0,chal-846,,,760.8760876087608760,6.0
2080.0,chal-847,,,28.05895,84.5
10.0,chal-848,,,3.0,5.0
7.0,chal-849,,,1.9,20.0026342634263426
9.0,chal-850,,,8.0,8.5
11346.0,chal-851,,,18.3000000000000000000,1.11406
7.0,chal-852,,,33.0,38.0
13.0,chal-853,,,15.0,18.0
96.0,chal-854,,,6.0306781735678,96.1
11.0,chal-855,,,3.07892,11.0
2.0,chal-856,,,14.0,7.0123456789101112131415
99.0,chal-857,,,234.2,262.0
24.0,chal-858,,,23.0,15.5757016804358283
2436.0,chal-859,,,22.5492466676526666,3.007280058945894589
210.0,chal-860,,,37.0,30.0
45.0,chal-861,,,168.4,10.54567867897890789
1.0,chal-862,,,11.0,1.0
6.0,chal-863,,,6.0,12.037474434343747374
22.0,chal-864,,,18.0,7600.007600
14.0,chal-865,,,7910.91,30.0
109.0,chal-866,,,137.0,137.6
146.0,chal-867,,,146.1,173.00
2.0,chal-868,,,2.00,20.545283628312831
3.0,chal-869,,,13.0,17.0
2.0,chal-870,,,13.00,16.5
10.0,chal-871,,,15.5,17.0
99.0,chal-872,,,0.575667676767676,9.0017474474474744744
9.0,chal-873,,,104.2,92.929456678921956678
39.0,chal-874,,,176.0013700,38.0
3834.0,chal-875,,,51636.0,45656.56
265.0,chal-876,,,234.234234234234234234234234,233.6
5.0,chal-877,,,20.0,20.0324043555363637
8.0,chal-878,,,8.0,8.0
72.0,chal-879,,,20.0,17.0
6.0,chal-880,,,25.25,17.0
3.0,chal-881,,,3.0,7.0007404564241439
41.0,chal-882,,,43.0,43.0345678910111213141516
8.0,chal-883,,,9.0,3.7559294123456789012
39.0,chal-884,,,134.0,130.00
3.0,chal-885,,,12.0,6.0
10.0,chal-886,,,16.0,5.09138923478
44.0,chal-887,,,6.0,50.00
12.0,chal-888,,,23.0,22.0
45.0,chal-889,,,35.0,40.0
208.0,chal-890,,,20.0,9.0728472847284728
136.0,chal-891,,,123.00,124.1200
1.0,chal-892,,,1.0,8.0
9.0,chal-893,,,60.0,61.0429442724393439
1.0,chal-894,,,21.1,19.0
8066.0,chal-895,,,40706.0,0.5167636761
3.0,chal-896,,,3.0,7.0728572857285728
7.0,chal-897,,,56.00,168.000000000000000000000
6.0,chal-898,,,12.0,11.2
13.0,chal-899,,,18.0,6.94
23.0,chal-900,,,58.0,15.0
3.0,chal-901,,,14.0,4.541370123456789012
10.0,chal-902,,,10.0,15.0
2.0,chal-903,,,2.0,2.0
1.0,chal-904,,,11.0,12.0
7.0,chal-905,,,14.5,6.05915927272727
6.0,chal-906,,,30.0,23.5
156.0,chal-907,,,60.0,156.0
3.0,chal-908,,,3.15,2.05486666666667
30.0,chal-909,,,30.0,30.0
53.0,chal-910,,,53.0,8.4944924490449244
112.0,chal-911,,,26.0,5.5
11.0,chal-912,,,19.9,188.76629
1455.0,chal-913,,,868.02187,870.0
53.0,chal-914,,,5700.00930000730000,49.49
73.0,chal-915,,,805.0,63.5
253.0,chal-916,,,485.06123,253.0
123.0,chal-917,,,168.15,10042.0000
276.0,chal-918,,,428.0,522.0
10.0,chal-919,,,18.0,32.0
2.0,chal-920,,,18.0,4.0
7.0,chal-921,,,25.0728272827282728,0.00
5.0,chal-922,,,5.0,25.510010001001000100
198.0,chal-923,,,199.8,594.00000033333333333333
62.0,chal-924,,,60.0,12.5
21.0,chal-925,,,17.0,17.0
123.0,chal-926,,,25.0,261.7
7.0,chal-927,,,20.0,3.16232
41.0,chal-928,,,21.0,25.0
49.0,chal-929,,,57.0,56.0
1791.0,chal-930,,,9980.00000,30.500000000000000
19.0,chal-931,,,55.0,19.0
3021.0,chal-932,,,2701.0,57.0
94.0,chal-933,,,2.581560,7920.00000000000000000000
1.0,chal-934,,,6.5,7.0
621.0,chal-935,,,1121.0,4617.0
353.0,chal-936,,,13.76,140.0
76.0,chal-937,,,760.75,25.5
17.0,chal-938,,,20.0,20.5
33.0,chal-939,,,13000.00000000000000000000,33.0
10.0,chal-940,,,12.0,7.0
2.0,chal-941,,,18.0,8.0
23.0,chal-942,,,243.2432424242,5.1
1.0,chal-943,,,12.0,31.0
3.0,chal-944,,,85.0,7.0
14.0,chal-945,,,23.00,24.00
26.0,chal-946,,,57.004263730000000000000,37.0728572857285728
14.0,chal-947,,,16.1,22.0
1.0,chal-948,,,6.0,4.0
22922.0,chal-949,,,44682.0,22.94200
7.0,chal-950,,,19.19,23.0
58.0,chal-951,,,58.0,41.5
16.0,chal-952,,,16.0,16.0
274.0,chal-953,,,761.25,25.0
3.0,chal-954,,,15.0,23.5
1.0,chal-955,,,7.5,18.0724374447289728
347.0,chal-956,,,347.0,4360.54893000000000000
54.0,chal-957,,,33.0,45.0
7.0,chal-958,,,15.0,12.0
8.0,chal-959,,,35.2,25.0
15.0,chal-960,,,15.30,90.01205451756789678
92.0,chal-961,,,8.1,94.0
6264.0,chal-962,,,579.9294,173.01100000000001
784.0,chal-963,,,529.4,760.5
1.0,chal-964,,,10.0,1.0
2.0,chal-965,,,6.6,12.00000000000000000000
1.0,chal-966,,,1.0,40.0
2.0,chal-967,,,56.9,19.5
1.0,chal-968,,,7.7,18.0
38.0,chal-969,,,14.15,23.25
2.0,chal-970,,,10.5,10.0
57.0,chal-971,,,88.5,38478.0
1088.0,chal-972,,,2704.00,16.0024106800000000000
32.0,chal-973,,,54.0,54.0
3.0,chal-974,,,109.0,110.20618
4.0,chal-975,,,27.0,4.0
34.0,chal-976,,,22.54532152345435645345,20.0
41.0,chal-977,,,791.11,1260.00000
25.0,chal-978,,,42.5,73.5
7.0,chal-979,,,12.0,12.00
127.0,chal-980,,,173.0,173.0
5.0,chal-981,,,10.0,11.0
23.0,chal-982,,,13.0,19.5
1396.0,chal-983,,,30524.0,625.4
2.0,chal-984,,,2.0,10.0
1054997.0,chal-985,,,17388.000000000,0.00000000000000000000
8.0,chal-986,,,11.00,8.0
6.0,chal-987,,,8.0,6.0
5.0,chal-988,,,29.0,4.0
15089.0,chal-989,,,31207.0,8591.0
3.0,chal-990,,,3.3,11.0
81.0,chal-991,,,31.5,9.0
626.0,chal-992,,,6626.0,8.500000000000000000000
6.0,chal-993,,,57.0,56.5
42.0,chal-994,,,7.0,80.0
331.0,chal-995,,,19.9,35.0
3.0,chal-996,,,25.0,4.83333333333
56.0,chal-997,,,81.0,75.000000000000000000000
220.0,chal-998,,,760.2,3.36240
3.0,chal-999,,,7.0,28.563625434343434343434
11.0,chal-1000,,,10.0,19.0
