answer,id,zero_shot,few_shot
51.0,chal-1,6.00,74.0
1.0,chal-2,16.00,1.5
17.0,chal-3,7.0,21.0
22.0,chal-4,59.0,31.4
2.0,chal-5,19.5,85.8
46.0,chal-6,18.0,13.0
3.0,chal-7,2.5,9.0
9.0,chal-8,10.0,10.0
4.0,chal-9,0.5,9.0
21.0,chal-10,1.17,25.0
1.0,chal-11,8.0,13.0
143.0,chal-12,16.9,73.00
926.0,chal-13,598.2,689.2
255.0,chal-14,56.0,48.0
10.0,chal-15,25.0,18.0
16.0,chal-16,58.0,22.0
469.0,chal-17,556.8,73.0
1414.0,chal-18,710.1686,841.9
27.0,chal-19,19.5,59.0
66.0,chal-20,58.0,87.0
186.0,chal-21,13.0,146.00
20.0,chal-22,0.2576000,56.0
10.0,chal-23,19.5,10.0
1.0,chal-24,10.0,1.0
1.0,chal-25,10.0,4.0
60.0,chal-26,83.5,55.0
488.0,chal-27,14.5,0.7
1.0,chal-28,0.5,14.5
89.0,chal-29,48.0,47.0
2.0,chal-30,15.0,8.00
5.0,chal-31,17.0,7.0
2.0,chal-32,2.0,16.0
1.0,chal-33,12.5,4.5
63.0,chal-34,17.0,77.0
1.0,chal-35,7.5,6.0
1.0,chal-36,18.00,13.00
949.0,chal-37,37149.00,7449.2
2.0,chal-38,9.00,2.0
2.0,chal-39,53.9,49.5
3.0,chal-40,20.0,6.0
10.0,chal-41,8.0,1.6
4.0,chal-42,20.5,45.0
8142.0,chal-43,1062.1,78.7
1.0,chal-44,19.5,1.5
39.0,chal-45,59.0,43.5
32.0,chal-46,13.628967289672896728,65.0
13.0,chal-47,17.0,17.0
11.0,chal-48,4.0,10.0
26.0,chal-49,20.0,23.5
266.0,chal-50,12.5,5.0
57.0,chal-51,53.0,48.0
6.0,chal-52,9.00,9.1
4.0,chal-53,4.5,26.0
2.0,chal-54,14.0,3.0
24.0,chal-55,25.0,14.0
204.0,chal-56,100.00,94.0
20.0,chal-57,23.0,27.0
31.0,chal-58,89.003050000000000000000,78.0
10.0,chal-59,14.1,17.0
61.0,chal-60,39.6,15.0
11.0,chal-61,16.0,16.0
2.0,chal-62,3.8,54.0
2.0,chal-63,9.5,1.5
2.0,chal-64,15.6,4.5
139.0,chal-65,95.0,99.0
3.0,chal-66,26.0,22.2
4.0,chal-67,0.5,75.1
5.0,chal-68,25.0,1.5
22.0,chal-69,43.0,48.1
111.0,chal-70,84.00,81.0
22090603.0,chal-71,53.9,14261.0
125.0,chal-72,144.00000,210.1
8.0,chal-73,25.0,19.0
75.0,chal-74,25.0,41.0
569.0,chal-75,850.84,355.6
2173.0,chal-76,51.13,42.5000000
2.0,chal-77,7.0618743487305,1.0
8.0,chal-78,5.0,5.1
2.0,chal-79,3.0,3.0
4300.0,chal-80,1500.00,50.00
24.0,chal-81,35.0,57.0
7.0,chal-82,1.4,10.0
2.0,chal-83,0.5,3.0
687.0,chal-84,668.3,620.9
20.0,chal-85,13.0,15.0
30.0,chal-86,0.5,65.0
1.0,chal-87,16.0,9.0
17.0,chal-88,50.00,35.00
5.0,chal-89,10.0,6.0
22.0,chal-90,19.00,31.0
1.0,chal-91,25.0,10.0
366.0,chal-92,15.00,58.0
22.0,chal-93,13.0,20.0
1.0,chal-94,3.0,3.0
1.0,chal-95,13.1,16.0
1.0,chal-96,27.5,1.0
12.0,chal-97,49.0,22.5
30.0,chal-98,5.00,10.0
7.0,chal-99,4.00,15.0
15.0,chal-100,7601.5,13.0
10.0,chal-101,8.0,15.1
8.0,chal-102,16.0,17.0
1.0,chal-103,8.0,1.5
154.0,chal-104,56.0,44.0
39.0,chal-105,23.0,41.0
96.0,chal-106,8.0,64.0
28462.0,chal-107,24362.6,80.00000
10011.0,chal-108,42711.0,14531.1
1.0,chal-109,8.0,8.0
23.0,chal-110,48.0,44.0
2.0,chal-111,19.5,9.5
1862.0,chal-112,4258.5,2520.00
4.0,chal-113,15.0,13.0
1.0,chal-114,0.5,10.0
84.0,chal-115,12.8,25.5
104.0,chal-116,150.1,103.0
10.0,chal-117,42.5,16.0
17.0,chal-118,23.0,30.0
10.0,chal-119,53.0,483.00
22.0,chal-120,9.0,19.0
3.0,chal-121,7601.172857285772857,6.0
25.0,chal-122,5.0,13.0
4.0,chal-123,9.5,6.00
33.0,chal-124,83.0,26.0
12.0,chal-125,25.5,6.0
118.0,chal-126,22.00,64.0
5.0,chal-127,17.5,15.0
7.0,chal-128,71.0,147.0
192.0,chal-129,17.5,52.00
7.0,chal-130,9.0,9.0
9.0,chal-131,13.1,8.0
34.0,chal-132,69.0,60.0
60.0,chal-133,37.0,46.0
1.0,chal-134,23.0,14.0
308.0,chal-135,81.0,22.0
80.0,chal-136,87.0,156.6
4.0,chal-137,57.0,22.00
180.0,chal-138,1000.0,20.0
2.0,chal-139,15.0,1.5
16.0,chal-140,16.0,5.0
15.0,chal-141,14.0,4.0
125.0,chal-142,18.0,86.0
30.0,chal-143,760.7,57.0
6.0,chal-144,20.0,57.5
137.0,chal-145,19.9,15.0
1124.0,chal-146,15.5000000000000000000,305.2
81.0,chal-147,25.0,20.0
469.0,chal-148,6.9,252.8
72.0,chal-149,26.5,24.5
3.0,chal-150,17.0,14.0
12.0,chal-151,2.5,26.0
174080.0,chal-152,17408.0,8400.00
450.0,chal-153,4240.00,43.5
34.0,chal-154,3.0,6.0
2.0,chal-155,0.00,25.0
5.0,chal-156,13.5,7.0
98.0,chal-157,58.0,26.0
21.0,chal-158,48.0,27.5
638.0,chal-159,37.7,91.0
29.0,chal-160,25.0,59.5
16.0,chal-161,18.0,10.5
4.0,chal-162,25.0,13.0
13.0,chal-163,14.0,12.0
5.0,chal-164,16.0,4.0
37.0,chal-165,58.0,77.0
2.0,chal-166,17.25,10.25
95.0,chal-167,24.0,54.1
2.0,chal-168,12.0,10.0
21.0,chal-169,25.5,42.7
58.0,chal-170,3.0,69.0
1538832.0,chal-171,46832.0000,8416322.0
6.0,chal-172,1.6,8.0
858.0,chal-173,25.00,75.0
8.0,chal-174,12.0,18.0
5.0,chal-175,10.0,13.0
18.0,chal-176,17.00,15.0
8.0,chal-177,18.0,14.0
8722.0,chal-178,53.82,97.00
14.0,chal-179,15.0,9.0
13.0,chal-180,25.0,6.0
229.0,chal-181,760.9,43.0
29.0,chal-182,15.0,48.0
61.0,chal-183,35.5,84.0
420.0,chal-184,7600.00,10.0
1.0,chal-185,27.5,26.0
42.0,chal-186,78.0,90.0
1.0,chal-187,4.0,8.0
56.0,chal-188,16.0,45.0
21.0,chal-189,24.0,16.0
4.0,chal-190,12.0,7.0
76.0,chal-191,16.0,46.0
10.0,chal-192,27.5,1.5
2.0,chal-193,4.5,1.5
21.0,chal-194,16.0,22.0
2.0,chal-195,2.0,6.0
28.0,chal-196,23.0,9.0
7.0,chal-197,8.0,1.0
2.0,chal-198,25.0,13.0
28.0,chal-199,20.0,12.0
40.0,chal-200,4.5,19.5
83.0,chal-201,7600.0,69.0
6.0,chal-202,7600.00,13.0
12518.0,chal-203,56.9,571.9
127.0,chal-204,75.0,87.0
1.0,chal-205,0.5,13.0
460.0,chal-206,52.0,59.0
11.0,chal-207,760.881062895,10.0
1.0,chal-208,25.0,15.0
3.0,chal-209,16.0,18.0
7.0,chal-210,56.0,5.0
47.0,chal-211,12.5,48.0
350.0,chal-212,13.00,23.00
68.0,chal-213,56.0,43.0
19.0,chal-214,11.0,14.0
22.0,chal-215,3.67,24.0
12.0,chal-216,9.0,11.0
17.0,chal-217,54.0,34.0
72.0,chal-218,48.0,18.0
2.0,chal-219,10.0,7.0
184.0,chal-220,12.0,143.0
1.0,chal-221,4.0,9.0
1092.0,chal-222,58.00,58.00000
15.0,chal-223,23.0,37.0
14.0,chal-224,15.0,27.5
3.0,chal-225,6.0,33.0
23.0,chal-226,49.0,38.0
14.0,chal-227,28.0,22.5
5.0,chal-228,4.5,2.5
450.0,chal-229,553.9,753.2
2.0,chal-230,13.5,2.0
16.0,chal-231,3.5,33.0
280.0,chal-232,4250.00000000,1.80000000
8.0,chal-233,56.0063418323456789012,14.0
2.0,chal-234,18.0,16.0
1.0,chal-235,15.00,2.00
183.0,chal-236,49.0,155.5
482.0,chal-237,1090.90,499.5
8.0,chal-238,2.0,12.0
3.0,chal-239,2.5,65.25
69.0,chal-240,4.5,21.0
20.0,chal-241,76.0,280.00
21.0,chal-242,75.0,27.0
90.0,chal-243,54.0,74.2
10.0,chal-244,25.00,13.00678867876787678
11.0,chal-245,59.5,25.0
174.0,chal-246,6.0,58.5
84.0,chal-247,13.0,84.0
640.0,chal-248,36.0,0.5
26.0,chal-249,75.0,26.0
14.0,chal-250,70.0,35.0
27.0,chal-251,3.0832583258326,34.0
65.0,chal-252,16.00,27.0
6840.0,chal-253,3180.0,4240.0
23.0,chal-254,0.57050000000001,1.30
1542.0,chal-255,1500.1,704.00
9.0,chal-256,13.0,15.0
14.0,chal-257,10.0,43.0
1.0,chal-258,8.0,2.0
40.0,chal-259,40.0,34.0
183.0,chal-260,109.7,84.2
127.0,chal-261,137.17,56.5
10.0,chal-262,16.00,3.5
26.0,chal-263,26.666666666666666666666,91.0
1.0,chal-264,0.5,2.0
3.0,chal-265,15.0,6.0
997.0,chal-266,47.0,57.0
11.0,chal-267,49.0,54.0
29.0,chal-268,23.5,20.0
27.0,chal-269,17.0,10.0
91.0,chal-270,56.5,125.4
7.0,chal-271,5.0,7.0
5.0,chal-272,59.5,13.0
48.0,chal-273,18.0,48.0
2.0,chal-274,6.5,78.00
18.0,chal-275,15.0,10.0
1.0,chal-276,27.0,17.0
217.0,chal-277,7.5,144.1
5.0,chal-278,7600.00000000,16.0
26180.0,chal-279,4460.2,36890.0
3.0,chal-280,0.5,2.5
211.0,chal-281,12.5,17.5
37.0,chal-282,73.5,13.5
34.0,chal-283,54.0,57.4
6.0,chal-284,23.0,14.0
30.0,chal-285,56.0,20.0
20.0,chal-286,56.0,45.0
410.0,chal-287,213.3,59.00
2.0,chal-288,57.5929299293,19.0
2.0,chal-289,16.0,7.0
745.0,chal-290,53.546999999999,36165.00
131.0,chal-291,66.0,48.0
6.0,chal-292,10.0,1.8
4.0,chal-293,10.0,12.0
3.0,chal-294,15.0,1.5
37.0,chal-295,4.9,17.0
4.0,chal-296,12.0,15.0
2.0,chal-297,16.5,5.7
654.0,chal-298,15.00,52.0
34.0,chal-299,25.0,23.0
45.0,chal-300,14.5,27.0
28.0,chal-301,87.0,35.0
3.0,chal-302,25.1,11.0
25.0,chal-303,9.0,12.0
1.0,chal-304,16.0,4.0
14.0,chal-305,16.0,97.0
7.0,chal-306,57.0,14.0
5.0,chal-307,57.0,9.0
1.0,chal-308,75.0,76.5
2184.0,chal-309,35.066666666666667,7600.5
20.0,chal-310,14.0,16.0
66.0,chal-311,18.00,33.0
89.0,chal-312,159.000128,88.00
5.0,chal-313,12.0,10.00
22.0,chal-314,58.0,23.0
8.0,chal-315,7.0,6.0
18.0,chal-316,54.0,80.0
1.0,chal-317,12.0,8.0
14.0,chal-318,4.0,10.0
3.0,chal-319,17.5791078917910789,6.0
4.0,chal-320,2.5,2.5
9.0,chal-321,3.0,8.0
78.0,chal-322,133.4,79.0
13.0,chal-323,23.0,23.0
35.0,chal-324,14.0,20.0
41.0,chal-325,133.4,38.0
19.0,chal-326,19.0,12.0
13.0,chal-327,9.0,56.3
26.0,chal-328,59.5,3.5
63.0,chal-329,54.0,84.5
11.0,chal-330,53.0,1.5
4.0,chal-331,17.0,42.0
32.0,chal-332,1.0,31.6
332.0,chal-333,26.5,11.5
25.0,chal-334,8.0,6.0
16.0,chal-335,8.0,18.0
1.0,chal-336,16.5,1.0
807.0,chal-337,841.00,840.5
18.0,chal-338,8.0,13.0
3.0,chal-339,13.5,18.0
4.0,chal-340,37.1,18.0
2.0,chal-341,25.0,17.0
2.0,chal-342,56.25,9.00
1.0,chal-343,10.0592239479295,2.0
43.0,chal-344,2.5,56.0
4.0,chal-345,26.0,26.0
17.0,chal-346,23.9,7.0
158.0,chal-347,83.0,78.0
1081.0,chal-348,556.2,576.5
16.0,chal-349,10.0,30.0
13.0,chal-350,9.0,18.0
23.0,chal-351,25.5,1.5
5.0,chal-352,12.0,5.0
117.0,chal-353,5.0,27.0
1848.0,chal-354,64.0,76.0
26.0,chal-355,38.0,12.0
80.0,chal-356,9.0,0.5
12.0,chal-357,57.0,9.0
11.0,chal-358,18.0,9.0
47.0,chal-359,16.0,49.0
27.0,chal-360,8.0,14.0
7.0,chal-361,27.0,47.0
4.0,chal-362,17.5,8.0
1.0,chal-363,18.00,3.0
14.0,chal-364,13.0,13.0
2.0,chal-365,13.0,3.0
146.0,chal-366,25.0,70.0
92.0,chal-367,459.0,35.00
314.0,chal-368,18.00,43.0
7.0,chal-369,57.00,1.4
14.0,chal-370,12.0,14.0
2.0,chal-371,8.0,25.0
337.0,chal-372,39.9,623.0
3.0,chal-373,17.00,1.6
22.0,chal-374,0.64253,46.0
20.0,chal-375,6.6666666666667,12.0
152.0,chal-376,5.00,7500.00
6.0,chal-377,87.0,146.5
1.0,chal-378,7601.0000076017601760,1.5
3.0,chal-379,19.0,3.0
3.0,chal-380,10.0449364394296449,1.5
15.0,chal-381,168.2,9.5
1.0,chal-382,4.0,13.0
83.0,chal-383,9.5,69.5
70.0,chal-384,4.0,317.8
6.0,chal-385,10.00,48.00
2.0,chal-386,7.6,19.0
52.0,chal-387,2400.1,1.5
3.0,chal-388,13.5,4.5
8.0,chal-389,3.0,9.0
64.0,chal-390,4.5,76.5
6.0,chal-391,25.6793079277914791,25.0
37.0,chal-392,16.00,25.0
13.0,chal-393,9.5,48.0
9.0,chal-394,18.0,8.0
3.0,chal-395,38.0,12.0
1346.0,chal-396,428.2,743.7
32.0,chal-397,48.0,1.8
10.0,chal-398,25.0,20.0
9.0,chal-399,3.5,12.0
4.0,chal-400,59.5,42.0
8.0,chal-401,23.0,10.0
3.0,chal-402,15.00,3.0
14.0,chal-403,8.7,28.00
11.0,chal-404,11.0,5.0
9.0,chal-405,20.0,43.0
1.0,chal-406,4.0,19.0
8.0,chal-407,59.076462890625766666,25.0
101.0,chal-408,32.0,27.0
6.0,chal-409,0.5,13.0
455.0,chal-410,850.0000,152.4
33.0,chal-411,8.0,19.0
7.0,chal-412,12.0,10.0
98.0,chal-413,19.9,37.0
8.0,chal-414,2.0,24.0
17.0,chal-415,52.0,48.0
3.0,chal-416,56.0,33.0
45.0,chal-417,76.5,1.0
9.0,chal-418,15.0,17.0
4.0,chal-419,5.0,10.0
8.0,chal-420,2.5,0.5
1.0,chal-421,2.0,11.0
1.0,chal-422,13.0,7.5
10.0,chal-423,7.9,55.00
394.0,chal-424,7.5,559.00
5590.0,chal-425,50.006666666667,3050.00
2.0,chal-426,20.0,12.0
15.0,chal-427,4.5,13.0
18.0,chal-428,14.0,12.0
111.0,chal-429,7600.0000076923076923760,18.6
7.0,chal-430,23.0,21.0
6.0,chal-431,0.6,2.0
93.0,chal-432,53.5,19.5
2.0,chal-433,53.0,69.0
51.0,chal-434,39.1,47.2
4.0,chal-435,3.5,1.5
3.0,chal-436,9.0,8.0
14.0,chal-437,760.7832543922893929,18.0
8.0,chal-438,12.0,10.0
5.0,chal-439,6.00,7.0
5.0,chal-440,17.5,17.5
141.0,chal-441,53.88,88.0
587.0,chal-442,598.5999999999999,760.7
35624.0,chal-443,49024.00,7916.0
2.0,chal-444,17.0,1.5
8.0,chal-445,760.4,4.0
1891.0,chal-446,30.9,3111.01
5.0,chal-447,8.0,4.0
1.0,chal-448,15.00,1.5
17017.0,chal-449,71.7,30567.7
58.0,chal-450,68.687000000001,23.0
3.0,chal-451,13.5,12.0
5.0,chal-452,10.0,23.0
3.0,chal-453,52.0,78.9
4.0,chal-454,25.0,3.0
1.0,chal-455,7600.0750076017602,9.0
10.0,chal-456,25.0,59.0
21.0,chal-457,6.0,7.0
4.0,chal-458,10.5,5.1
71.0,chal-459,35.5,30.0
34.0,chal-460,20.0,12.0
58.0,chal-461,23.0,47.0
3.0,chal-462,25.09299999999999986,11.0
2.0,chal-463,2.0,3.0
60.0,chal-464,87.0,82.0
9.0,chal-465,2.5792174487343,15.0
3.0,chal-466,16.0,33.0
756.0,chal-467,389.00,424.00
31.0,chal-468,9.0,17.0
3.0,chal-469,26.5,4.5
30.0,chal-470,27.67052680000000000000,20.0
17.0,chal-471,27.0,12.0
112.0,chal-472,58.5,104.7
3.0,chal-473,6.0,20.0
140.0,chal-474,14.0,84.8
102.0,chal-475,27.5,35.0
1.0,chal-476,26.5,2.5
89.0,chal-477,176.75,73.5
6.0,chal-478,23.0,13.0
1080.0,chal-479,19.8,84.0
66.0,chal-480,58.0,32.5
25740.0,chal-481,24120.00,16200.0
60.0,chal-482,25.0,7.5
109044.0,chal-483,55923.0,66647.0
322.0,chal-484,2.6,112.3
333.0,chal-485,592.2,568.00
390.0,chal-486,64.0,66.0
68.0,chal-487,20.0,20.0
9.0,chal-488,49.6,11.7647
405.0,chal-489,42.0,54.0
25.0,chal-490,74.0,37.0
16.0,chal-491,0.5,1.0
8.0,chal-492,18.0,12.0
324775.0,chal-493,7145.0,44615.0
92.0,chal-494,52.0,46.0
4.0,chal-495,11.0,22.5
23.0,chal-496,7600.2,7.5
12.0,chal-497,56.5,8.0
1.0,chal-498,83.00,15.0
9.0,chal-499,53.0,8.0
12.0,chal-500,2.5,48.6
2.0,chal-501,15.0,9.5
70.0,chal-502,37.5,56.0
5700.0,chal-503,25.000000000,2700.00
17.0,chal-504,10.0,17.0
52.0,chal-505,42.0,44.0
57.0,chal-506,425.4,1738.2
42.0,chal-507,49.0,83.0
19.0,chal-508,11.00,12.0
20.0,chal-509,12.0,8.0
22.0,chal-510,58.0,16.0
2.0,chal-511,8.0,50.0
367.0,chal-512,384.8,468.0
20.0,chal-513,24.6,40.5
16.0,chal-514,53.0,59.0
14.0,chal-515,25.0,7.0
42.0,chal-516,7440.00000,30.5
5.0,chal-517,23.0,12.0
4.0,chal-518,20.0,125.0
20.0,chal-519,18.00,25.00
6.0,chal-520,6.0,9.0
1541.0,chal-521,749.7,705.4
19.0,chal-522,17.0,18.0
1.0,chal-523,10.0,19.0
17.0,chal-524,1.16,42.524
5.0,chal-525,8.0,8.0
2.0,chal-526,14.0,39.0
3.0,chal-527,18.0,8.0
14.0,chal-528,19.5,20.5
1.0,chal-529,26.5,6.0
10.0,chal-530,7.0,7.0
3.0,chal-531,35.0,103.7
149.0,chal-532,42.0,43.00
1.0,chal-533,9.0,16.0
69.0,chal-534,82.0,48.5
168.0,chal-535,54.0,73.0
481.0,chal-536,8.0,424.00
14.0,chal-537,52.0,37.0
7.0,chal-538,6.0,13.0
33.0,chal-539,7.0,58.8
1463.0,chal-540,0.154255,1635.00
128.0,chal-541,75.0,33.0
5.0,chal-542,2.5,16.0
67.0,chal-543,43.0,49.0000000000000000000
68.0,chal-544,3.0,11.0
1.0,chal-545,14.0,38.0
1.0,chal-546,19.5,18.0
1.0,chal-547,10.5,1.5
31.0,chal-548,94.00,78.0
3.0,chal-549,2.5,4.5
10.0,chal-550,16.8,17.0
5.0,chal-551,41.00729239497284428,39.0
15.0,chal-552,157.8,57.1
8.0,chal-553,15.0,9.0
6.0,chal-554,23.5,16.0
8.0,chal-555,9.7,65.5
1.0,chal-556,25.0,40.0
7.0,chal-557,25.0,27.0
41.0,chal-558,58.5,43.00
150780.0,chal-559,87.78000,792780.0
54.0,chal-560,37.0,68.0
16.0,chal-561,49.0,76.0
4.0,chal-562,10.0,4.0
1145.0,chal-563,1050.3,577.7
1.0,chal-564,14.0,10.0
2.0,chal-565,23.0,14.0
2.0,chal-566,3846.25,2.5
4.0,chal-567,17.0,1.5
1.0,chal-568,18.0,18.0
20.0,chal-569,4.5449079165483449,17.0
4.0,chal-570,7.5,2.5
365.0,chal-571,83.0,15.0
27.0,chal-572,1.5,39.0
19.0,chal-573,19.0,83.0
11210.0,chal-574,74.8,44620.00
720.0,chal-575,6480.9,13.5
4.0,chal-576,3.6,3.0
26.0,chal-577,158.16,12.0
82.0,chal-578,83.0,51.0
9.0,chal-579,15.0,10.0
90.0,chal-580,88.0,98.0
4.0,chal-581,0.7,54.0
7.0,chal-582,17.5,18.0
13.0,chal-583,2.628993699,19.0
4.0,chal-584,2.00,8.0
36.0,chal-585,0.5,89.0
30.0,chal-586,18.0,26.0
5.0,chal-587,25.0,8.0
67.0,chal-588,68.0,67.0
606.0,chal-589,59.6,342.2
13.0,chal-590,2.7,14.0
93899.0,chal-591,83.6,42351.0
5.0,chal-592,81.5,70.5
14.0,chal-593,10.0,33.0
43.0,chal-594,12.00,58.00
31.0,chal-595,6.5,36.0
600.0,chal-596,70.0,46.0
2.0,chal-597,2.00,9.0
12.0,chal-598,56.0,16.0
21.0,chal-599,12.5,20.0
68.0,chal-600,56.0,65.1
2.0,chal-601,15.0,3.0
70.0,chal-602,13.9,30.0
90.0,chal-603,11.00,50.0
9.0,chal-604,5.6,13.0
2673.0,chal-605,87.09,8049.0
238.0,chal-606,53.0,83.0
10.0,chal-607,75.5,42.0
78.0,chal-608,105.30,84.5
5.0,chal-609,3.0,11.5
38.0,chal-610,35.0,45.0
308.0,chal-611,90.0,18.000000000000000000000
223.0,chal-612,424.7,430.0
53.0,chal-613,8.00,42.5
153.0,chal-614,76.9,56.5
574.0,chal-615,598.7,557.0
2.0,chal-616,16.5760742786281728,8.0
6.0,chal-617,17.5,42.5
62.0,chal-618,51.0,45.6
64.0,chal-619,23.5,36.5
28.0,chal-620,1.25,31.0
2.0,chal-621,18.0,8.0
2.0,chal-622,8.0,8.0
1201565.0,chal-623,5875.3,3050561.00
2.0,chal-624,20.0,12.0
3.0,chal-625,0.00,8.0
2.0,chal-626,9.0,11.0
22.0,chal-627,379.6,2400.0
458988.0,chal-628,59.0000,57711191.0
89.0,chal-629,96.0,84.0
10.0,chal-630,4.0,7.0
14.0,chal-631,4.0,7.0
26.0,chal-632,75.0,13.0
4.0,chal-633,7.5,2.5
11.0,chal-634,10.0,12.0
42.0,chal-635,12.0,20.0
186.0,chal-636,48.0,37.5
3.0,chal-637,25.0,23.0
2.0,chal-638,26.5,10.0
10.0,chal-639,9.0,3.5
3.0,chal-640,19.0728572857285728,12.0
2.0,chal-641,10.0,4.0
42.0,chal-642,19.0,32.0
22800.0,chal-643,24400.0,40500.0
369.0,chal-644,2419.00,4993.47
12.0,chal-645,22.0,33.0
32.0,chal-646,26.0,5.0
522.0,chal-647,25.5,424.4
566.0,chal-648,3.00,86.0
2.0,chal-649,14.5,25.5
2.0,chal-650,9.5,2.5
33.0,chal-651,25.0,1.0
6.0,chal-652,25.0,3.0
2.0,chal-653,6.5,12.5
14.0,chal-654,5.0,6.0
91.0,chal-655,49.0,105.00
17.0,chal-656,7607.00870876077607,1.6
1363293.0,chal-657,425493.00,9131948.00
19.0,chal-658,1.18,15.0
8.0,chal-659,8.0,6.0
1.0,chal-660,17.5892642444356,3.0
76.0,chal-661,25.0,15.0
5852.0,chal-662,5600.00000000,5598.00
5.0,chal-663,57.5,5.0
38608.0,chal-664,46816.7,36806.00000000000
30.0,chal-665,20.00,30.0
13.0,chal-666,9.0,17.0
10.0,chal-667,10.0,9.0
9.0,chal-668,5.0,12.0
24.0,chal-669,133.33,76.0
10.0,chal-670,9.0,4.0
20.0,chal-671,16.0,18.0
30.0,chal-672,12.5,7600.00000000
7.0,chal-673,20.0,31.0
120.0,chal-674,8.5,20.0
17.0,chal-675,23.0,13.0
44.0,chal-676,75.5,65.0
15.0,chal-677,48.0,52.5
118.0,chal-678,90.00,87.0
6.0,chal-679,18.5,12.5
1.0,chal-680,16.0,6.0
105.0,chal-681,109.0,87.0
32.0,chal-682,12.0,55.0
7.0,chal-683,2.7,59.23
4.0,chal-684,11.0,12.0
27.0,chal-685,37.0,45.0
737.0,chal-686,35.0,63.5
8265.0,chal-687,19.500000000000000000000,87.00
1.0,chal-688,8.0,12.0
14.0,chal-689,14.0,10.0
80.0,chal-690,58.0,58.0
24.0,chal-691,96.0,60.0
146.0,chal-692,7.5,52.0
2.0,chal-693,25.6,66.0
4.0,chal-694,11.0,5.0
16.0,chal-695,7601.6666666666666666666,17.0
22.0,chal-696,2.5,14.0
22.0,chal-697,48.0,22.0
3.0,chal-698,8.0,3.0
44.0,chal-699,57.5760983215483289,24.0
6.0,chal-700,15.0,0.2
4.0,chal-701,0.5,4.0
45.0,chal-702,73.5,52.0
22.0,chal-703,16.0,35.00
101.0,chal-704,7.5,73.0
103.0,chal-705,763.9,760.0
126.0,chal-706,80.0,57.0
13.0,chal-707,1.18,20.0
4.0,chal-708,2.5,5.0
9.0,chal-709,49.0,58.0
45.0,chal-710,27.5,25.5
2.0,chal-711,13.5,9.0
41.0,chal-712,14.0,26.0
15.0,chal-713,13.0,5.0
25.0,chal-714,56.0,98.0
348.0,chal-715,63.62896,57.5
8.0,chal-716,15.1,12.0
1.0,chal-717,24.0,1.5
13.0,chal-718,168.00,68.0
2.0,chal-719,27.6,16.0
32.0,chal-720,19.0,46.0
51.0,chal-721,13.0,57.0
268627.0,chal-722,95821.00,56.1
14.0,chal-723,12.0,21.0
3.0,chal-724,56.0,8.5
143550.0,chal-725,8500.00,42450.0
106.0,chal-726,122.32,124.5
574.0,chal-727,305.6,540.00
4.0,chal-728,9.0,14.0
15.0,chal-729,18.0,18.0
13.0,chal-730,10.0,10.0
6.0,chal-731,56.5,10.0
1.0,chal-732,6.0,5.0
54.0,chal-733,20.0,43.2
7.0,chal-734,24.0,33.5
4.0,chal-735,55.0,23.75
27.0,chal-736,16.0,25.0
229.0,chal-737,33.6,73.0
2.0,chal-738,19.00,4.0
1.0,chal-739,25.6,3.0
1.0,chal-740,13.1,1.0
20.0,chal-741,14.0,12.0
65.0,chal-742,25.0,75.0
11.0,chal-743,19.0,8.0
17.0,chal-744,9.0,11.0
17.0,chal-745,12.5,11.0
190.0,chal-746,75.0,163.0
2.0,chal-747,11.0,9.0
63.0,chal-748,25.0,73.0
2.0,chal-749,12.5,5.0
30057.0,chal-750,76.5,59257.0
192.0,chal-751,16.6,146.1
2.0,chal-752,2.0,2.0
265.0,chal-753,35.6,38.0
298.0,chal-754,363.1627,68.0
728.0,chal-755,13728.2,587.4
21.0,chal-756,23.5,24.0
4.0,chal-757,7.0,14.0
45.0,chal-758,8.0,65.1
1.0,chal-759,8.0,3.0
3168.0,chal-760,3128.0,68000.00
345.0,chal-761,17.5756789,24.5
3.0,chal-762,9.5,10.0
28.0,chal-763,26.0,22.0
77.0,chal-764,307.4,2670.3
2226.0,chal-765,13.6,1000.0000
29.0,chal-766,4.9,3.00
14.0,chal-767,3.0,23.0
10.0,chal-768,25.0,14.0
78.0,chal-769,14.9,42.0
14.0,chal-770,18.0,15.0
1.0,chal-771,10.00,0.5
2050.0,chal-772,65.5,8250.00
7.0,chal-773,0.9,2.0
121.0,chal-774,49.0,85.0
21.0,chal-775,19.0,4.5
420.0,chal-776,39.0,3420.0
145.0,chal-777,25.9,58.26
24.0,chal-778,3.00,26.25
12.0,chal-779,13.6,26.0
1012.0,chal-780,64.0,13.00000
31.0,chal-781,75.0,62.00
28.0,chal-782,4.0,48.0
12.0,chal-783,3.0,12.0
28.0,chal-784,4281.4,49.5
60.0,chal-785,2.5,8.0
7.0,chal-786,18.0,13.0
39.0,chal-787,59.1,26.0
65.0,chal-788,55.9,68.0
2.0,chal-789,17.0,7.0
11.0,chal-790,23.0,18.0
12.0,chal-791,8.0,36.0
5.0,chal-792,3.33333,8.0
15.0,chal-793,0.8749997449999989,30.0
3.0,chal-794,26.5728072807280728,2.1
111.0,chal-795,96.0,73.0
59.0,chal-796,51.0,163.7
14.0,chal-797,12.0,15.0
7.0,chal-798,16.0,3.5
9.0,chal-799,11.0,26.0
3.0,chal-800,2.5,4.0
5.0,chal-801,13.0,2.0
22.0,chal-802,25.0,14.0
11.0,chal-803,0.5,8.0
2.0,chal-804,13.0,3.0
112.0,chal-805,7600.2,76.0
2.0,chal-806,23.00,7.00
32.0,chal-807,1.8,19.0
8.0,chal-808,18.0,2.5
4.0,chal-809,12.57,54.2857142857
20.0,chal-810,133.8,11.0
21.0,chal-811,25.0,16.0
14.0,chal-812,7.9,42.5
1.0,chal-813,3.0,15.0
33.0,chal-814,17.6,90.0
1453.0,chal-815,625.3,493.2
17.0,chal-816,16.0,18.0
2.0,chal-817,3.0,1.0
32.0,chal-818,841.8,143.5
3.0,chal-819,7601.10760176027603,6.0
7.0,chal-820,14.5799,59.00
242.0,chal-821,744.8,150.1
90.0,chal-822,1.6,20.00
2.0,chal-823,7.00,7.0
2.0,chal-824,4.0,16.0
105.0,chal-825,6.0,65.00
10.0,chal-826,57.0,16.0
69.0,chal-827,9.0,71.0
527292.0,chal-828,3880.0,46852.00
1.0,chal-829,17.5,12.0
1.0,chal-830,26.0,10.0
826.0,chal-831,1440.3,378.5
574664.0,chal-832,81.6,82.5
1.0,chal-833,4.0,9.0
10.0,chal-834,22.0,22.0
16.0,chal-835,1.14,19.0
110.0,chal-836,57.0,57.00456
24.0,chal-837,74.0,164.2
34.0,chal-838,87.00,26.0
25.0,chal-839,58.0,87.0
946.0,chal-840,745.25,910.2
5.0,chal-841,19.00,5.0
2.0,chal-842,12.0,13.0
5.0,chal-843,168.2,16.0
14.0,chal-844,26.0,44.0
6.0,chal-845,12.0,9.0
1.0,chal-846,17.0,12.0
2080.0,chal-847,1900.0,1040.00
10.0,chal-848,12.0,6.0
7.0,chal-849,9.0,6.0
9.0,chal-850,8.0,8.0
11346.0,chal-851,1840.0,68.2
7.0,chal-852,35.0,43.0
13.0,chal-853,35.0,8.0
96.0,chal-854,56.0,19.5
11.0,chal-855,4.5,4.0
2.0,chal-856,17.1428571429,12.0
99.0,chal-857,7.6,234.1
24.0,chal-858,37.0,8.0
2436.0,chal-859,841.84,3132.3
210.0,chal-860,30.0,7.0
45.0,chal-861,83.0,18.0
1.0,chal-862,26.5,6.0
6.0,chal-863,2.5,3.0
22.0,chal-864,19.5,14.6
14.0,chal-865,37.00,20.00
109.0,chal-866,4256.25,76.5
146.0,chal-867,12.0,10.0
2.0,chal-868,18.5,3.5
3.0,chal-869,3.0,8.0
2.0,chal-870,7600.00000,50.0
10.0,chal-871,2.5,6.0
99.0,chal-872,54.0,26.0
9.0,chal-873,49.0,21.0
39.0,chal-874,85.0,91.0
3834.0,chal-875,1713.98,4248.98
265.0,chal-876,289.26394639463946394,598.8
5.0,chal-877,15.0,15.0
8.0,chal-878,12.0,20.0
72.0,chal-879,20.0,26.0
6.0,chal-880,17.0,14.0
3.0,chal-881,2.0,5.0
41.0,chal-882,7600.1,42.0
8.0,chal-883,8.0,19.0
39.0,chal-884,74.0,87.0
3.0,chal-885,2.0,2.0
10.0,chal-886,9.0,6.0
44.0,chal-887,19.0,52.1
12.0,chal-888,57.0,42.0
45.0,chal-889,14.0,9.00
208.0,chal-890,25.00,53.0
136.0,chal-891,109.2,14723.6
1.0,chal-892,87.0,4.0
9.0,chal-893,10.0,48.0
1.0,chal-894,17.0,6.0
8066.0,chal-895,15.700,1037.0
3.0,chal-896,3.00,3.00
7.0,chal-897,60.0,84.0
6.0,chal-898,23.0,1.7
13.0,chal-899,4.7,8.0
23.0,chal-900,58.0,46.0
3.0,chal-901,57.5,17.0
10.0,chal-902,4.5,25.0
2.0,chal-903,10.00,7.0
1.0,chal-904,27.5,68.0
7.0,chal-905,10.5,1.5
6.0,chal-906,3.75,23.5
156.0,chal-907,20.0,19.0
3.0,chal-908,15.0,18.0
30.0,chal-909,35.0,46.0
53.0,chal-910,17.0,21.0
112.0,chal-911,56.0,35.0
11.0,chal-912,53.0,47.0
1455.0,chal-913,378.2,804.00
53.0,chal-914,73.6832272887537832,65.2
73.0,chal-915,8.0,11.0
253.0,chal-916,468.4684684684685,385.0
123.0,chal-917,0.5,73.0
276.0,chal-918,19.6,424.6
10.0,chal-919,42.0,49.5
2.0,chal-920,48.0,10.0
7.0,chal-921,14.0,9.0
5.0,chal-922,0.00,30.0
198.0,chal-923,75.0292562500000000000,63.0
62.0,chal-924,23.5,32.0
21.0,chal-925,10.00,20.1
123.0,chal-926,58.00000000,15.0
7.0,chal-927,14.0,10.0
41.0,chal-928,56.0,57.5
49.0,chal-929,7601.48395,15.0
1791.0,chal-930,44624.00,55256.25
19.0,chal-931,56.0,20.0
3021.0,chal-932,59.0,54.0
94.0,chal-933,25.0,74.8
1.0,chal-934,3.0,3.0
621.0,chal-935,84.0,5700.0
353.0,chal-936,18.5,530.5
76.0,chal-937,5.6,35.5
17.0,chal-938,8.0,20.0
33.0,chal-939,18.00,165.0
10.0,chal-940,2.5,18.0
2.0,chal-941,7600.0,15.0
23.0,chal-942,27.0,76.0
1.0,chal-943,3.0,26.0
3.0,chal-944,8.9,47.0
14.0,chal-945,23.00,16.00
26.0,chal-946,14.00,19.00
14.0,chal-947,35.0,21.0
1.0,chal-948,10.0,2.0
22922.0,chal-949,59.459256789,14922.18
7.0,chal-950,2.6,10.0
58.0,chal-951,38.0,56.0
16.0,chal-952,83.0,68.0
274.0,chal-953,6.5,1.0
3.0,chal-954,10.0,10.0
1.0,chal-955,8.0,16.0
347.0,chal-956,141.0,301.0
54.0,chal-957,83.0,25.0
7.0,chal-958,760.2,13.0
8.0,chal-959,24.0,36.0
15.0,chal-960,65.5,58.3333
92.0,chal-961,26.0,83.9
6264.0,chal-962,5928.9,2520.00
784.0,chal-963,1680.7,385.2
1.0,chal-964,12.0,3.0
2.0,chal-965,8.0,2.5
1.0,chal-966,18.0,23.0
2.0,chal-967,3780.1,3802.54
1.0,chal-968,15.6,0.5
38.0,chal-969,12.5,23.0
2.0,chal-970,9.0,3.2
57.0,chal-971,846.54,1070.9
1088.0,chal-972,56.0,1040.0
32.0,chal-973,27.0,37.0
3.0,chal-974,20.0,22.0
4.0,chal-975,10.0,67.0
34.0,chal-976,22.9,42.00
41.0,chal-977,48.0,26.5
25.0,chal-978,13.5,38.0
7.0,chal-979,15.0,1.0
127.0,chal-980,7.5,89.0
5.0,chal-981,20.0,13.0
23.0,chal-982,27.0,48.0
1396.0,chal-983,805.2,743.8
2.0,chal-984,4.0,1.0
1054997.0,chal-985,37.000000000000000000000,3120.9
8.0,chal-986,7600.5,4.0
6.0,chal-987,4.0,6.0
5.0,chal-988,27.0,25.0
15089.0,chal-989,15891.00,1087.07
3.0,chal-990,12.0,6.0
81.0,chal-991,24.0,35.5
626.0,chal-992,462.9,378.00
6.0,chal-993,54.0,19.0
42.0,chal-994,10.5,78.0
331.0,chal-995,58.9,55.0
3.0,chal-996,25.0,17.5
56.0,chal-997,12.0,7.5
220.0,chal-998,19.5,16.5
3.0,chal-999,10.00,5.0
11.0,chal-1000,17.0,6.5
